filename,category,image_link
a person using a laptop computer on a table.jpg,[],https://images.unsplash.com/photo-1719937206168-f4c829152b91?fm=jpg&q=60&w=3000&ixlib=rb-4.0.3&ixid=M3wxMjA3fDB8MHxwaG90by1wYWdlfHx8fGVufDB8fHx8fA%3D%3D
a person with a backpack on a trail.jpg,"['Photos', 'Health & Wellness']",https://images.unsplash.com/photo-1721804979141-fe6c884b690b?fm=jpg&q=60&w=3000&ixlib=rb-4.0.3&ixid=M3wxMjA3fDB8MHxwaG90by1wYWdlfHx8fGVufDB8fHx8fA%3D%3D
the sun is setting over a mountain range.jpg,['Photos'],https://images.unsplash.com/photo-1721616216040-88b305eea70d?fm=jpg&q=60&w=3000&ixlib=rb-4.0.3&ixid=M3wxMjA3fDB8MHxwaG90by1wYWdlfHx8fGVufDB8fHx8fA%3D%3D
a pair of shoes sitting on top of a sandy beach.jpg,"['Photos', 'Textures & Patterns']",https://plus.unsplash.com/premium_photo-1664283745248-0198af7eb96a?fm=jpg&q=60&w=3000&ixlib=rb-4.0.3&ixid=M3wxMjA3fDB8MHxwaG90by1wYWdlfHx8fGVufDB8fHx8fA%3D%3D
a knife is laying on the ground in the dark.jpg,['Photos'],https://images.unsplash.com/photo-1721757178328-b0b7f9db730e?fm=jpg&q=60&w=3000&ixlib=rb-4.0.3&ixid=M3wxMjA3fDB8MHxwaG90by1wYWdlfHx8fGVufDB8fHx8fA%3D%3D
a man holding a camera in his hands.jpg,[],https://images.unsplash.com/photo-1719937051058-63705ed35502?fm=jpg&q=60&w=3000&ixlib=rb-4.0.3&ixid=M3wxMjA3fDB8MHxwaG90by1wYWdlfHx8fGVufDB8fHx8fA%3D%3D
a woman sitting at a table in front of a building.jpg,"['Photos', 'People']",https://images.unsplash.com/photo-1721983571623-ed178f59d9b3?fm=jpg&q=60&w=3000&ixlib=rb-4.0.3&ixid=M3wxMjA3fDB8MHxwaG90by1wYWdlfHx8fGVufDB8fHx8fA%3D%3D
a dining room table with chairs and a chandelier.jpg,['Photos'],https://images.unsplash.com/photo-1721820859051-6154b2852863?fm=jpg&q=60&w=3000&ixlib=rb-4.0.3&ixid=M3wxMjA3fDB8MHxwaG90by1wYWdlfHx8fGVufDB8fHx8fA%3D%3D
diver in mid air 0Elb.jpg,['Photos'],https://plus.unsplash.com/premium_photo-1664304850376-df94a439e8f9?fm=jpg&q=60&w=3000&ixlib=rb-4.0.3&ixid=M3wxMjA3fDB8MHxwaG90by1wYWdlfHx8fGVufDB8fHx8fA%3D%3D
a black and white photo of a crowd at a concert.jpg,['Photos'],https://images.unsplash.com/photo-1722305283754-5aa56e8f5fd4?fm=jpg&q=60&w=3000&ixlib=rb-4.0.3&ixid=M3wxMjA3fDB8MHxwaG90by1wYWdlfHx8fGVufDB8fHx8fA%3D%3D
a computer motherboard with a keyboard and a mouse.jpg,[],https://images.unsplash.com/photo-1721332155545-c7a8005a2581?fm=jpg&q=60&w=3000&ixlib=rb-4.0.3&ixid=M3wxMjA3fDB8MHxwaG90by1wYWdlfHx8fGVufDB8fHx8fA%3D%3D
a shadow of a person standing on a beach next to the ocean.jpg,['Photos'],https://images.unsplash.com/photo-1722029271254-66724eb7428f?fm=jpg&q=60&w=3000&ixlib=rb-4.0.3&ixid=M3wxMjA3fDB8MHxwaG90by1wYWdlfHx8fGVufDB8fHx8fA%3D%3D
a building that has some windows in it.jpg,"['Photos', 'Experimental']",https://plus.unsplash.com/premium_photo-1721914104996-4f19fb5828dc?fm=jpg&q=60&w=3000&ixlib=rb-4.0.3&ixid=M3wxMjA3fDB8MHxwaG90by1wYWdlfHx8fGVufDB8fHx8fA%3D%3D
a satellite image of a mountain range in the desert T72rrSoh.jpg,['Photos'],https://images.unsplash.com/photo-1722081797643-7240902c46d2?fm=jpg&q=60&w=3000&ixlib=rb-4.0.3&ixid=M3wxMjA3fDB8MHxwaG90by1wYWdlfHx8fGVufDB8fHx8fA%3D%3D
a woman sitting on a bench using a laptop computer.jpg,[],https://images.unsplash.com/photo-1719937206589-d13b6b008196?fm=jpg&q=60&w=3000&ixlib=rb-4.0.3&ixid=M3wxMjA3fDB8MHxwaG90by1wYWdlfHx8fGVufDB8fHx8fA%3D%3D
an escalator in a building with lights hanging from the ceiling v4y9Tw sP.jpg,['Photos'],https://images.unsplash.com/photo-1722072776193-74e134ae6e78?fm=jpg&q=60&w=3000&ixlib=rb-4.0.3&ixid=M3wxMjA3fDB8MHxwaG90by1wYWdlfHx8fGVufDB8fHx8fA%3D%3D
a trolley car on a city street xc.jpg,['Photos'],https://images.unsplash.com/photo-1722104628969-6c7961f69b8f?fm=jpg&q=60&w=3000&ixlib=rb-4.0.3&ixid=M3wxMjA3fDB8MHxwaG90by1wYWdlfHx8fGVufDB8fHx8fA%3D%3D
a man in a suit and tie standing next to another man.jpg,['Photos'],https://plus.unsplash.com/premium_photo-1705091309294-27c897e8fbbc?fm=jpg&q=60&w=3000&ixlib=rb-4.0.3&ixid=M3wxMjA3fDB8MHxwaG90by1wYWdlfHx8fGVufDB8fHx8fA%3D%3D
a man holding a glass of iced tea e4S2q.jpg,"['Photos', 'Food & Drink']",https://images.unsplash.com/photo-1722181613138-a82920b76eca?fm=jpg&q=60&w=3000&ixlib=rb-4.0.3&ixid=M3wxMjA3fDB8MHxwaG90by1wYWdlfHx8fGVufDB8fHx8fA%3D%3D
a man holding a cell phone in his hand cNcMgLCY.jpg,[],https://images.unsplash.com/photo-1719937051176-9b98352a6cf4?fm=jpg&q=60&w=3000&ixlib=rb-4.0.3&ixid=M3wxMjA3fDB8MHxwaG90by1wYWdlfHx8fGVufDB8fHx8fA%3D%3D
a room with a lot of books in it.jpg,['Photos'],https://images.unsplash.com/photo-1722182877533-7378b60bf1e8?fm=jpg&q=60&w=3000&ixlib=rb-4.0.3&ixid=M3wxMjA3fDB8MHxwaG90by1wYWdlfHx8fGVufDB8fHx8fA%3D%3D
a window with a sign that says its gonna be a good day SofOy.jpg,['Photos'],https://images.unsplash.com/photo-1721127325919-c2be885d9992?fm=jpg&q=60&w=3000&ixlib=rb-4.0.3&ixid=M3wxMjA3fDB8MHxwaG90by1wYWdlfHx8fGVufDB8fHx8fA%3D%3D
a picture of a plant on a brown background.jpg,"['Photos', 'Nature']",https://plus.unsplash.com/premium_photo-1721926057210-2b75383ea555?fm=jpg&q=60&w=3000&ixlib=rb-4.0.3&ixid=M3wxMjA3fDB8MHxwaG90by1wYWdlfHx8fGVufDB8fHx8fA%3D%3D
a living room filled with furniture and a fire place.jpg,['Photos'],https://images.unsplash.com/photo-1721820871526-e7cb06574acb?fm=jpg&q=60&w=3000&ixlib=rb-4.0.3&ixid=M3wxMjA3fDB8MHxwaG90by1wYWdlfHx8fGVufDB8fHx8fA%3D%3D
